actual,predicted,error
57.0,61.03914,4.0391387939453125
59.0,62.409508,3.4095077514648438
83.0,83.13344,0.1334381103515625
71.0,68.15317,-2.846832275390625
65.0,70.91622,5.916221618652344
64.0,62.83743,-1.1625709533691406
60.0,61.105595,1.1055946350097656
60.0,61.018017,1.0180168151855469
68.0,67.67238,-0.3276214599609375
77.0,71.683876,-5.316123962402344
77.0,77.07891,0.07891082763671875
77.0,80.08478,3.08477783203125
78.0,79.57731,1.5773086547851562
69.0,68.20831,-0.79168701171875
72.0,71.25284,-0.747161865234375
76.0,75.16524,-0.8347625732421875
68.0,70.32088,2.3208770751953125
76.0,75.1729,-0.8271026611328125
62.0,64.43141,2.4314117431640625
69.0,70.200035,1.2000350952148438
75.0,71.85907,-3.14093017578125
60.0,61.621254,1.6212539672851562
68.0,69.57759,1.5775909423828125
59.0,57.702637,-1.29736328125
62.0,63.69961,1.6996116638183594
62.0,63.986656,1.9866561889648438
61.0,59.156044,-1.8439559936523438
65.0,64.06232,-0.93768310546875
63.0,64.55993,1.5599288940429688
61.0,56.633804,-4.3661956787109375
59.0,61.54879,2.5487899780273438
68.0,65.37259,-2.627410888671875
66.0,67.051155,1.0511550903320312
66.0,66.060234,0.06023406982421875
66.0,65.333786,-0.6662139892578125
74.0,72.22599,-1.7740097045898438
72.0,65.33103,-6.668968200683594
70.0,69.50416,-0.49584197998046875
61.0,67.016426,6.016426086425781
60.0,58.81719,-1.1828117370605469
70.0,70.060326,0.06032562255859375
66.0,63.685535,-2.314464569091797
66.0,63.596893,-2.403106689453125
65.0,64.70837,-0.29163360595703125
67.0,65.710045,-1.2899551391601562
70.0,68.16917,-1.8308334350585938
72.0,68.90497,-3.09503173828125
56.0,55.895523,-0.1044769287109375
71.0,71.3251,0.325103759765625
65.0,64.81224,-0.1877593994140625
76.0,73.026535,-2.9734649658203125
65.0,65.703804,0.7038040161132812
69.0,65.0204,-3.9795989990234375
61.0,61.388737,0.3887367248535156
76.0,76.75144,0.7514419555664062
64.0,69.820045,5.820045471191406
66.0,64.90901,-1.0909881591796875
71.0,68.85337,-2.1466293334960938
69.0,68.32195,-0.6780471801757812
66.0,65.61943,-0.3805694580078125
62.0,63.129448,1.1294479370117188
67.0,67.78502,0.7850189208984375
61.0,60.09969,-0.9003105163574219
70.0,71.85282,1.8528213500976562
69.0,66.52237,-2.477630615234375
60.0,61.83216,1.8321609497070312
72.0,71.63099,-0.36901092529296875
63.0,61.29591,-1.7040901184082031
55.0,57.75378,2.7537803649902344
65.0,68.87302,3.873016357421875
63.0,66.491974,3.491973876953125
75.0,69.879944,-5.12005615234375
61.0,59.839138,-1.1608619689941406
62.0,63.84926,1.8492584228515625
68.0,67.74463,-0.25537109375
61.0,63.820835,2.8208351135253906
70.0,67.33183,-2.6681671142578125
67.0,66.67975,-0.32025146484375
68.0,68.80355,0.8035507202148438
67.0,67.18257,0.1825714111328125
57.0,57.023926,0.02392578125
59.0,61.273834,2.273834228515625
49.0,51.13524,2.1352386474609375
70.0,68.604256,-1.3957443237304688
60.0,60.91756,0.9175605773925781
75.0,69.760345,-5.239654541015625
59.0,63.328423,4.328422546386719
64.0,64.55706,0.5570602416992188
63.0,66.29943,3.2994308471679688
63.0,59.0788,-3.9211997985839844
64.0,61.957798,-2.0422019958496094
69.0,69.57218,0.5721817016601562
59.0,60.49625,1.4962501525878906
67.0,67.53749,0.5374908447265625
63.0,62.064236,-0.9357643127441406
77.0,74.93918,-2.060821533203125
64.0,67.303055,3.3030548095703125
66.0,69.27173,3.271728515625
63.0,65.26697,2.2669677734375
65.0,65.1942,0.1941986083984375
68.0,67.27798,-0.7220230102539062
51.0,49.172783,-1.8272171020507812
55.0,59.565964,4.5659637451171875
65.0,64.048676,-0.951324462890625
67.0,68.496544,1.4965438842773438
60.0,60.52459,0.5245895385742188
70.0,69.01785,-0.982147216796875
60.0,60.55042,0.5504188537597656
59.0,58.966568,-0.0334320068359375
55.0,57.635517,2.635517120361328
62.0,62.427227,0.4272270202636719
63.0,61.007282,-1.9927177429199219
61.0,58.805557,-2.1944427490234375
67.0,66.206764,-0.7932357788085938
75.0,72.00321,-2.9967880249023438
57.0,64.08318,7.083183288574219
64.0,62.100906,-1.8990936279296875
59.0,60.137684,1.1376838684082031
60.0,57.213413,-2.7865867614746094
78.0,77.890236,-0.10976409912109375
56.0,58.46961,2.4696083068847656
75.0,74.956566,-0.04343414306640625
58.0,57.6563,-0.3437004089355469
74.0,73.80505,-0.1949462890625
67.0,66.91132,-0.08867645263671875
74.0,75.00936,1.0093612670898438
65.0,66.84837,1.8483734130859375
76.0,76.41927,0.41927337646484375
67.0,68.34221,1.3422088623046875
75.0,71.19146,-3.8085403442382812
64.0,59.79609,-4.203910827636719
68.0,65.045746,-2.954254150390625
68.0,70.08242,2.0824203491210938
67.0,73.195114,6.1951141357421875
62.0,61.541176,-0.45882415771484375
65.0,64.70382,-0.29618072509765625
71.0,71.33458,0.3345794677734375
66.0,67.76529,1.765289306640625
59.0,60.91513,1.915130615234375
58.0,56.88806,-1.1119384765625
63.0,60.744507,-2.2554931640625
63.0,61.967335,-1.0326652526855469
66.0,64.60581,-1.3941879272460938
69.0,68.84106,-0.15894317626953125
52.0,50.68342,-1.3165817260742188
61.0,63.81121,2.8112106323242188
72.0,72.38251,0.38250732421875
62.0,58.333996,-3.666004180908203
69.0,69.41667,0.4166717529296875
66.0,67.18688,1.1868820190429688
73.0,71.0952,-1.9048004150390625
66.0,66.99313,0.993133544921875
67.0,64.858864,-2.1411361694335938
68.0,68.409035,0.40903472900390625
68.0,67.50981,-0.4901885986328125
65.0,63.159843,-1.8401565551757812
63.0,63.61088,0.6108818054199219
67.0,64.40465,-2.5953521728515625
59.0,61.45959,2.4595909118652344
70.0,66.44196,-3.5580368041992188
75.0,73.65387,-1.34613037109375
56.0,60.541725,4.541725158691406
66.0,66.728,0.727996826171875
77.0,76.5926,-0.40740203857421875
66.0,67.1715,1.1715011596679688
62.0,62.353447,0.35344696044921875
60.0,58.536392,-1.4636077880859375
62.0,55.38624,-6.613761901855469
64.0,67.17109,3.1710891723632812
63.0,63.35787,0.3578681945800781
70.0,71.157455,1.1574554443359375
62.0,62.96537,0.9653701782226562
63.0,63.601242,0.6012420654296875
64.0,60.71324,-3.2867584228515625
73.0,73.51571,0.5157089233398438
68.0,67.48317,-0.5168304443359375
68.0,67.11455,-0.8854522705078125
69.0,70.0225,1.0224990844726562
64.0,68.07432,4.074317932128906
59.0,60.769012,1.769012451171875
67.0,67.5471,0.5470962524414062
73.0,70.18835,-2.8116531372070312
62.0,64.29649,2.2964935302734375
63.0,62.77135,-0.22864913940429688
53.0,52.764263,-0.23573684692382812
64.0,59.63755,-4.362449645996094
62.0,64.68657,2.6865692138671875
73.0,67.51779,-5.482208251953125
81.0,80.4152,-0.5848007202148438
64.0,67.28165,3.281646728515625
63.0,61.339947,-1.6600532531738281
66.0,68.81664,2.8166427612304688
59.0,65.122765,6.122764587402344
68.0,68.74558,0.7455825805664062
64.0,62.211315,-1.7886848449707031
68.0,71.72448,3.7244796752929688
72.0,71.88804,-0.11196136474609375
71.0,71.838585,0.8385848999023438
65.0,63.14735,-1.8526496887207031
67.0,64.781296,-2.2187042236328125
57.0,60.782936,3.7829360961914062
66.0,60.78527,-5.214729309082031
59.0,55.998558,-3.0014419555664062
69.0,69.77736,0.7773590087890625
63.0,56.480297,-6.519702911376953
68.0,68.91543,0.9154281616210938
76.0,74.42452,-1.5754776000976562
76.0,70.00752,-5.9924774169921875
71.0,71.272606,0.27260589599609375
66.0,65.34726,-0.652740478515625
69.0,66.64919,-2.3508071899414062
66.0,67.97129,1.9712905883789062
62.0,57.90361,-4.0963897705078125
67.0,67.045166,0.045166015625
81.0,78.53134,-2.468658447265625
59.0,61.064777,2.064777374267578
73.0,71.36778,-1.6322174072265625
71.0,70.76125,-0.23874664306640625
76.0,75.05304,-0.94696044921875
67.0,67.27795,0.27794647216796875
59.0,64.05417,5.054168701171875
75.0,73.99986,-1.0001373291015625
56.0,57.787304,1.7873039245605469
69.0,65.76187,-3.238128662109375
72.0,71.03353,-0.9664688110351562
59.0,59.338253,0.3382530212402344
77.0,78.610405,1.6104049682617188
67.0,64.03002,-2.9699783325195312
80.0,77.948616,-2.0513839721679688
66.0,64.891075,-1.1089248657226562
67.0,67.518715,0.5187149047851562
67.0,67.17626,0.17626190185546875
66.0,64.38059,-1.6194076538085938
66.0,63.38547,-2.6145286560058594
64.0,65.474495,1.4744949340820312
70.0,72.196686,2.196685791015625
70.0,67.85757,-2.1424331665039062
63.0,64.08531,1.0853118896484375
75.0,67.88594,-7.1140594482421875
67.0,67.327156,0.32715606689453125
65.0,64.51193,-0.488067626953125
64.0,64.37839,0.378387451171875
64.0,65.367165,1.3671646118164062
65.0,64.43031,-0.5696868896484375
65.0,63.531628,-1.4683723449707031
67.0,65.83152,-1.1684799194335938
62.0,63.109653,1.1096534729003906
60.0,60.378635,0.3786354064941406
80.0,76.37746,-3.6225433349609375
60.0,63.18981,3.1898117065429688
64.0,61.58983,-2.4101715087890625
62.0,62.764244,0.7642440795898438
65.0,66.869675,1.8696746826171875
64.0,65.872696,1.8726959228515625
71.0,62.95785,-8.04214859008789
62.0,52.647644,-9.35235595703125
60.0,64.70935,4.7093505859375
72.0,72.775314,0.7753143310546875
65.0,66.35762,1.3576202392578125
61.0,64.26164,3.2616424560546875
70.0,67.781105,-2.2188949584960938
62.0,64.93268,2.93267822265625
63.0,62.198906,-0.8010940551757812
74.0,71.25036,-2.7496414184570312
63.0,62.41523,-0.5847702026367188
66.0,72.604034,6.604034423828125
61.0,62.560886,1.5608863830566406
64.0,65.22151,1.2215118408203125
75.0,72.81888,-2.181121826171875
55.0,55.11344,0.11344146728515625
70.0,69.498,-0.5019989013671875
67.0,65.01641,-1.9835891723632812
69.0,67.52254,-1.4774627685546875
66.0,62.46205,-3.5379486083984375
67.0,71.0153,4.015296936035156
61.0,63.709087,2.709087371826172
69.0,69.19737,0.1973724365234375
52.0,55.699734,3.6997337341308594
70.0,68.65518,-1.344818115234375
75.0,69.319565,-5.6804351806640625
69.0,68.143974,-0.8560256958007812
54.0,53.691055,-0.3089447021484375
76.0,75.35884,-0.6411590576171875
57.0,57.86272,0.8627204895019531
69.0,67.58063,-1.41937255859375
73.0,72.926216,-0.07378387451171875
84.0,84.5848,0.5848007202148438
76.0,75.659294,-0.34070587158203125
58.0,60.115776,2.1157760620117188
73.0,72.91951,-0.0804901123046875
67.0,61.538124,-5.461875915527344
67.0,65.72239,-1.2776107788085938
65.0,64.38134,-0.6186599731445312
69.0,69.44113,0.441131591796875
66.0,65.9341,-0.0659027099609375
66.0,68.6355,2.635498046875
68.0,68.14441,0.1444091796875
69.0,67.59161,-1.40838623046875
60.0,63.19531,3.1953086853027344
76.0,75.66905,-0.3309478759765625
62.0,60.487225,-1.5127754211425781
60.0,66.165665,6.1656646728515625
59.0,61.161465,2.1614646911621094
64.0,60.235054,-3.7649459838867188
51.0,57.93097,6.93096923828125
69.0,69.52741,0.5274124145507812
75.0,71.29002,-3.7099761962890625
65.0,65.53313,0.5331268310546875
66.0,65.44215,-0.5578536987304688
60.0,63.12938,3.1293792724609375
66.0,65.97572,-0.0242767333984375
70.0,69.159195,-0.8408050537109375
58.0,60.98918,2.9891815185546875
74.0,72.903534,-1.096466064453125
66.0,67.478134,1.4781341552734375
65.0,67.547585,2.5475845336914062
63.0,62.140636,-0.8593635559082031
63.0,65.50673,2.5067291259765625
65.0,61.555874,-3.4441261291503906
72.0,71.171196,-0.8288040161132812
57.0,58.898914,1.8989143371582031
63.0,65.288475,2.2884750366210938
73.0,73.35294,0.35294342041015625
68.0,64.99352,-3.0064773559570312
62.0,62.062054,0.062053680419921875
68.0,68.17085,0.1708526611328125
68.0,64.18574,-3.8142623901367188
60.0,59.823967,-0.17603302001953125
64.0,64.97253,0.9725265502929688
52.0,51.35627,-0.6437301635742188
60.0,64.078445,4.0784454345703125
80.0,78.46574,-1.5342636108398438
55.0,63.033184,8.033184051513672
65.0,64.69852,-0.301483154296875
62.0,62.884964,0.8849639892578125
57.0,57.563183,0.5631828308105469
64.0,67.08969,3.089691162109375
71.0,67.99628,-3.00372314453125
77.0,76.78597,-0.21402740478515625
70.0,71.41099,1.4109878540039062
64.0,64.67123,0.6712265014648438
68.0,67.411026,-0.5889739990234375
56.0,58.061504,2.061504364013672
69.0,71.82654,2.8265380859375
74.0,76.64624,2.646240234375
52.0,57.37772,5.377719879150391
70.0,70.9932,0.9932022094726562
71.0,69.9926,-1.0074005126953125
67.0,66.773415,-0.22658538818359375
71.0,69.253,-1.7470016479492188
67.0,65.83019,-1.1698074340820312
74.0,73.03334,-0.9666595458984375
66.0,67.86942,1.8694229125976562
67.0,71.60756,4.6075592041015625
65.0,64.32029,-0.6797103881835938
56.0,62.230453,6.2304534912109375
63.0,63.348007,0.3480072021484375
59.0,58.739548,-0.2604522705078125
63.0,65.651474,2.6514739990234375
62.0,57.46573,-4.534271240234375
76.0,71.002396,-4.9976043701171875
77.0,77.85958,0.8595809936523438
64.0,63.527405,-0.47259521484375
63.0,69.12299,6.122993469238281
59.0,59.6653,0.6652984619140625
74.0,74.4179,0.41790008544921875
57.0,59.635353,2.6353530883789062
65.0,59.43986,-5.560138702392578
66.0,66.29875,0.2987518310546875
66.0,67.30442,1.3044204711914062
70.0,70.77454,0.7745437622070312
70.0,72.95525,2.9552536010742188
73.0,74.74654,1.7465362548828125
62.0,63.429752,1.4297523498535156
70.0,66.88466,-3.1153411865234375
63.0,66.22362,3.2236175537109375
63.0,62.97722,-0.0227813720703125
62.0,61.163776,-0.8362236022949219
83.0,79.939674,-3.0603256225585938
65.0,61.262024,-3.73797607421875
66.0,67.93,1.9300003051757812
67.0,71.96729,4.967292785644531
55.0,57.523933,2.5239334106445312
58.0,60.295303,2.2953033447265625
63.0,56.565247,-6.43475341796875
67.0,66.97161,-0.02838897705078125
65.0,64.232414,-0.7675857543945312
66.0,65.15278,-0.8472213745117188
63.0,62.67905,-0.3209495544433594
64.0,62.407166,-1.59283447265625
67.0,68.109924,1.10992431640625
68.0,62.21286,-5.787139892578125
65.0,69.35433,4.354331970214844
63.0,67.11659,4.1165924072265625
71.0,69.35302,-1.6469802856445312
73.0,72.46712,-0.5328826904296875
66.0,63.057755,-2.9422454833984375
72.0,72.42996,0.429962158203125
73.0,70.993126,-2.0068740844726562
66.0,65.03838,-0.9616165161132812
73.0,69.5264,-3.473602294921875
71.0,67.21309,-3.7869110107421875
69.0,67.78703,-1.2129669189453125
67.0,69.75178,2.7517776489257812
66.0,68.24568,2.2456817626953125
68.0,69.52749,1.5274887084960938
62.0,62.78439,0.7843894958496094
72.0,73.57865,1.5786514282226562
71.0,70.80516,-0.1948394775390625
54.0,54.492355,0.4923553466796875
74.0,72.25345,-1.746551513671875
69.0,71.226265,2.2262649536132812
65.0,59.21779,-5.7822113037109375
60.0,61.038555,1.0385551452636719
64.0,60.03979,-3.9602088928222656
66.0,61.44615,-4.5538482666015625
66.0,65.82313,-0.17687225341796875
74.0,72.51872,-1.4812774658203125
62.0,64.306564,2.3065643310546875
66.0,65.71107,-0.28893280029296875
72.0,72.86777,0.867767333984375
62.0,62.747116,0.7471160888671875
68.0,66.002686,-1.997314453125
65.0,66.551094,1.5510940551757812
70.0,70.8793,0.879302978515625
62.0,59.641487,-2.3585128784179688
66.0,65.8663,-0.133697509765625
67.0,64.77952,-2.2204818725585938
63.0,63.119335,0.11933517456054688
57.0,63.173855,6.173854827880859
66.0,64.71342,-1.2865829467773438
65.0,66.40757,1.4075698852539062
72.0,69.36214,-2.6378631591796875
62.0,63.859604,1.8596038818359375
75.0,72.49073,-2.5092697143554688
66.0,65.506996,-0.49300384521484375
64.0,62.664104,-1.3358955383300781
76.0,75.7614,-0.2386016845703125
59.0,62.514343,3.51434326171875
69.0,66.21576,-2.78424072265625
75.0,74.11473,-0.8852691650390625
69.0,71.483284,2.4832839965820312
77.0,76.855675,-0.14432525634765625
57.0,56.840652,-0.1593475341796875
72.0,71.32468,-0.675323486328125
56.0,60.37806,4.378059387207031
58.0,60.424095,2.4240951538085938
75.0,76.23925,1.2392501831054688
71.0,70.047775,-0.9522247314453125
67.0,66.136925,-0.8630752563476562
81.0,79.934944,-1.0650558471679688
66.0,66.387596,0.38759613037109375
72.0,74.064316,2.0643157958984375
65.0,62.185566,-2.814434051513672
64.0,65.54214,1.5421371459960938
68.0,67.73462,-0.265380859375
77.0,78.234924,1.23492431640625
63.0,63.1743,0.1743011474609375
60.0,63.38133,3.381328582763672
70.0,69.1646,-0.8354034423828125
66.0,66.32824,0.32823944091796875
67.0,66.72151,-0.2784881591796875
70.0,67.64923,-2.35076904296875
61.0,61.80459,0.8045883178710938
63.0,62.039333,-0.9606666564941406
65.0,65.27612,0.276123046875
60.0,62.48983,2.4898300170898438
60.0,59.620457,-0.3795433044433594
62.0,64.22433,2.2243270874023438
75.0,74.446754,-0.5532455444335938
55.0,59.057526,4.057525634765625
66.0,66.383,0.38300323486328125
68.0,67.30658,-0.69342041015625
66.0,66.205345,0.20534515380859375
70.0,67.783875,-2.21612548828125
64.0,66.952126,2.9521255493164062
74.0,74.54332,0.5433197021484375
66.0,66.865105,0.8651046752929688
65.0,64.757904,-0.242095947265625
74.0,74.31659,0.31658935546875
66.0,67.99815,1.9981536865234375
59.0,61.08544,2.0854415893554688
59.0,58.17151,-0.8284912109375
69.0,71.03112,2.0311203002929688
69.0,69.175476,0.17547607421875
67.0,65.15397,-1.8460311889648438
70.0,69.5066,-0.49340057373046875
64.0,66.717674,2.7176742553710938
58.0,60.53001,2.530010223388672
64.0,64.74631,0.746307373046875
70.0,67.88205,-2.117950439453125
67.0,66.74397,-0.2560272216796875
69.0,66.69798,-2.3020172119140625
73.0,74.529144,1.529144287109375
54.0,57.92388,3.9238815307617188
78.0,76.748,-1.2519989013671875
77.0,75.71715,-1.2828521728515625
61.0,62.52779,1.5277900695800781
65.0,65.0849,0.08489990234375
69.0,67.66212,-1.3378829956054688
71.0,70.9398,-0.06020355224609375
68.0,65.47106,-2.5289382934570312
62.0,62.41849,0.4184913635253906
66.0,66.81749,0.8174896240234375
60.0,60.042004,0.042003631591796875
73.0,70.65755,-2.3424530029296875
68.0,69.192154,1.1921539306640625
55.0,57.54517,2.5451698303222656
73.0,69.48654,-3.513458251953125
63.0,65.594986,2.5949859619140625
64.0,62.5267,-1.4733009338378906
59.0,59.932167,0.9321670532226562
62.0,63.33023,1.330230712890625
60.0,59.43523,-0.5647697448730469
57.0,55.003506,-1.9964942932128906
66.0,67.696976,1.6969757080078125
54.0,56.341133,2.3411331176757812
69.0,68.66247,-0.33753204345703125
66.0,65.43277,-0.567230224609375
67.0,69.291664,2.2916641235351562
61.0,64.042564,3.0425643920898438
74.0,73.813416,-0.18658447265625
58.0,60.000202,2.000202178955078
66.0,61.62176,-4.378238677978516
71.0,69.434425,-1.5655746459960938
70.0,64.6319,-5.36810302734375
56.0,59.939594,3.939594268798828
68.0,67.63119,-0.36881256103515625
56.0,58.527164,2.5271644592285156
68.0,66.204094,-1.7959060668945312
71.0,65.02454,-5.975456237792969
69.0,62.544994,-6.455005645751953
60.0,61.975124,1.9751243591308594
67.0,68.89792,1.897918701171875
64.0,65.30972,1.309722900390625
63.0,61.22573,-1.7742691040039062
59.0,57.493656,-1.5063438415527344
67.0,67.56373,0.5637283325195312
61.0,63.634525,2.6345252990722656
67.0,69.08549,2.0854873657226562
54.0,53.51085,-0.4891510009765625
65.0,67.35759,2.3575897216796875
68.0,67.41185,-0.5881500244140625
61.0,64.042274,3.0422744750976562
63.0,64.003006,1.0030059814453125
74.0,72.46629,-1.5337066650390625
65.0,65.34984,0.3498382568359375
67.0,63.369274,-3.630725860595703
60.0,60.11663,0.11663055419921875
65.0,63.068905,-1.9310951232910156
70.0,72.314964,2.3149642944335938
68.0,68.89264,0.89263916015625
71.0,69.70864,-1.2913589477539062
61.0,62.071976,1.0719757080078125
67.0,69.538216,2.5382156372070312
64.0,66.118614,2.1186141967773438
75.0,74.91054,-0.0894622802734375
68.0,68.97839,0.9783935546875
71.0,70.50164,-0.49835968017578125
63.0,64.0395,1.0394973754882812
70.0,71.84609,1.8460922241210938
66.0,65.985214,-0.0147857666015625
76.0,74.61895,-1.3810501098632812
72.0,74.01898,2.01898193359375
68.0,66.88776,-1.11224365234375
75.0,75.014,0.01399993896484375
60.0,60.140434,0.14043426513671875
65.0,66.76768,1.7676773071289062
72.0,76.230255,4.230255126953125
66.0,68.4987,2.4987030029296875
69.0,70.684166,1.6841659545898438
74.0,74.065315,0.06531524658203125
72.0,69.754166,-2.2458343505859375
66.0,67.40065,1.4006500244140625
59.0,58.9587,-0.041301727294921875
75.0,76.16787,1.1678695678710938
66.0,69.031746,3.0317459106445312
69.0,68.48764,-0.512359619140625
67.0,66.304886,-0.6951141357421875
67.0,65.59932,-1.4006805419921875
57.0,59.62924,2.6292381286621094
66.0,66.71902,0.7190170288085938
71.0,64.92609,-6.07391357421875
75.0,76.47038,1.4703826904296875
76.0,75.251686,-0.7483139038085938
64.0,67.44495,3.4449462890625
69.0,69.274796,0.2747955322265625
70.0,67.20878,-2.7912216186523438
62.0,63.890335,1.8903350830078125
63.0,62.96442,-0.035579681396484375
66.0,66.584816,0.5848159790039062
65.0,65.405876,0.40587615966796875
49.0,51.48569,2.4856910705566406
61.0,63.29295,2.292949676513672
68.0,68.17755,0.17755126953125
65.0,64.91233,-0.08766937255859375
71.0,69.1973,-1.8026962280273438
63.0,60.878002,-2.121997833251953
77.0,75.58994,-1.4100570678710938
70.0,69.637024,-0.36297607421875
66.0,67.727806,1.7278060913085938
63.0,61.163338,-1.8366622924804688
61.0,61.664024,0.6640243530273438
71.0,71.29622,0.2962188720703125
68.0,67.79163,-0.20836639404296875
81.0,81.78938,0.7893829345703125
62.0,62.590614,0.5906143188476562
59.0,59.71646,0.716461181640625
65.0,64.73565,-0.26435089111328125
63.0,62.264927,-0.7350730895996094
72.0,74.663666,2.663665771484375
74.0,75.2465,1.2464981079101562
65.0,65.97694,0.9769363403320312
63.0,62.333084,-0.6669158935546875
60.0,59.920017,-0.07998275756835938
70.0,63.09638,-6.903621673583984
69.0,67.794945,-1.2050552368164062
75.0,74.70921,-0.2907867431640625
61.0,61.833996,0.8339958190917969
75.0,72.96013,-2.0398712158203125
69.0,65.569664,-3.4303359985351562
65.0,64.66693,-0.33306884765625
73.0,76.432335,3.4323348999023438
69.0,71.48897,2.4889678955078125
69.0,71.22735,2.2273483276367188
65.0,62.89004,-2.1099586486816406
66.0,65.57162,-0.42838287353515625
65.0,67.90205,2.9020462036132812
67.0,67.73336,0.7333602905273438
69.0,67.888145,-1.1118545532226562
70.0,71.333046,1.3330459594726562
66.0,66.63981,0.6398086547851562
76.0,77.49863,1.498626708984375
70.0,70.97676,0.9767608642578125
65.0,64.3182,-0.6818008422851562
72.0,71.395775,-0.6042251586914062
66.0,62.903114,-3.0968856811523438
53.0,59.983818,6.983818054199219
63.0,62.81539,-0.18460845947265625
60.0,60.60999,0.6099891662597656
68.0,71.008644,3.0086441040039062
56.0,55.36455,-0.6354484558105469
88.0,86.359215,-1.6407852172851562
61.0,63.69735,2.6973495483398438
71.0,72.30909,1.3090896606445312
64.0,64.99769,0.9976882934570312
66.0,68.61755,2.6175537109375
61.0,61.8117,0.8116989135742188
74.0,76.24446,2.2444610595703125
63.0,62.476265,-0.5237350463867188
68.0,66.2766,-1.7233963012695312
54.0,64.063225,10.063224792480469
60.0,62.935837,2.9358367919921875
62.0,62.95853,0.9585304260253906
65.0,65.0535,0.053497314453125
58.0,65.543335,7.5433349609375
84.0,85.39242,1.3924179077148438
69.0,69.836586,0.8365859985351562
63.0,61.77006,-1.2299385070800781
64.0,61.844757,-2.155242919921875
68.0,69.9845,1.9844970703125
65.0,64.55827,-0.4417266845703125
59.0,60.589863,1.5898628234863281
64.0,65.520645,1.5206451416015625
59.0,61.290356,2.290355682373047
70.0,68.205284,-1.7947158813476562
62.0,62.011066,0.011066436767578125
74.0,72.077194,-1.9228057861328125
70.0,68.97972,-1.0202789306640625
64.0,65.59724,1.5972366333007812
88.0,85.692955,-2.3070449829101562
68.0,68.69295,0.6929473876953125
73.0,70.84578,-2.1542205810546875
77.0,71.07605,-5.9239501953125
62.0,61.715595,-0.2844047546386719
63.0,59.887295,-3.1127052307128906
65.0,67.12885,2.1288528442382812
65.0,65.983734,0.983734130859375
60.0,63.11891,3.1189117431640625
75.0,74.0307,-0.96929931640625
62.0,62.67343,0.673431396484375
75.0,73.185585,-1.8144149780273438
64.0,68.34183,4.341827392578125
68.0,63.314075,-4.685924530029297
70.0,70.276344,0.27634429931640625
70.0,67.320335,-2.6796646118164062
58.0,64.69588,6.6958770751953125
66.0,67.581985,1.5819854736328125
65.0,67.229004,2.22900390625
64.0,65.07838,1.0783767700195312
68.0,69.04244,1.0424423217773438
60.0,60.67592,0.6759185791015625
71.0,71.95165,0.9516525268554688
66.0,65.909195,-0.0908050537109375
61.0,65.1623,4.162300109863281
63.0,64.89863,1.8986282348632812
67.0,65.54921,-1.4507904052734375
62.0,63.50965,1.5096511840820312
66.0,66.52931,0.5293121337890625
71.0,70.53723,-0.4627685546875
68.0,66.023834,-1.976165771484375
72.0,74.055244,2.0552444458007812
67.0,67.82731,0.8273086547851562
68.0,70.75767,2.7576675415039062
70.0,70.19681,0.196807861328125
67.0,68.43165,1.4316482543945312
72.0,69.65609,-2.3439102172851562
68.0,67.16312,-0.836883544921875
65.0,69.8714,4.87139892578125
69.0,69.85694,0.8569412231445312
76.0,76.85286,0.8528594970703125
74.0,73.58655,-0.4134521484375
75.0,70.95834,-4.041656494140625
63.0,62.60497,-0.3950309753417969
58.0,53.2484,-4.751598358154297
72.0,74.39268,2.3926773071289062
75.0,71.06305,-3.93695068359375
71.0,70.904976,-0.09502410888671875
65.0,67.453476,2.4534759521484375
70.0,68.23055,-1.7694473266601562
60.0,63.11753,3.1175308227539062
63.0,63.54255,0.5425491333007812
57.0,59.953026,2.9530258178710938
65.0,68.80786,3.807861328125
66.0,65.635925,-0.36407470703125
62.0,64.25723,2.257232666015625
65.0,65.32993,0.32993316650390625
59.0,60.361008,1.3610076904296875
74.0,72.45826,-1.5417404174804688
68.0,68.654594,0.6545944213867188
72.0,68.692055,-3.3079452514648438
64.0,63.352684,-0.6473159790039062
61.0,60.831043,-0.16895675659179688
67.0,66.99214,-0.0078582763671875
68.0,71.01859,3.0185928344726562
74.0,70.88301,-3.1169891357421875
72.0,71.52559,-0.4744110107421875
68.0,69.14181,1.1418075561523438
63.0,62.15946,-0.8405418395996094
65.0,66.33484,1.3348388671875
60.0,62.290035,2.2900352478027344
71.0,65.663376,-5.3366241455078125
71.0,69.606735,-1.3932647705078125
77.0,73.47258,-3.5274200439453125
65.0,66.51222,1.5122222900390625
65.0,66.498726,1.4987258911132812
70.0,70.74384,0.7438430786132812
67.0,67.139694,0.1396942138671875
79.0,76.449,-2.5510025024414062
67.0,70.07129,3.0712890625
67.0,63.339275,-3.660724639892578
62.0,59.74276,-2.2572402954101562
60.0,63.0303,3.0303001403808594
73.0,72.32764,-0.67236328125
79.0,76.61841,-2.381591796875
80.0,81.85658,1.8565826416015625
74.0,70.53895,-3.4610519409179688
71.0,69.657234,-1.3427658081054688
63.0,63.30584,0.30583953857421875
71.0,73.013824,2.013824462890625
69.0,69.62319,0.6231918334960938
66.0,66.496254,0.49625396728515625
67.0,67.857765,0.8577651977539062
86.0,84.51889,-1.481109619140625
58.0,59.576134,1.5761337280273438
69.0,61.385075,-7.614925384521484
70.0,69.116455,-0.883544921875
62.0,66.08835,4.088348388671875
59.0,63.467728,4.4677276611328125
61.0,64.2861,3.286102294921875
60.0,61.675194,1.6751937866210938
74.0,73.27697,-0.7230300903320312
66.0,65.322,-0.6780014038085938
62.0,64.128624,2.1286239624023438
74.0,72.24132,-1.7586822509765625
69.0,68.77644,-0.2235565185546875
71.0,67.60745,-3.392547607421875
67.0,67.233376,0.23337554931640625
69.0,69.72537,0.725372314453125
69.0,70.12675,1.1267471313476562
74.0,72.51891,-1.4810867309570312
64.0,64.628075,0.6280746459960938
71.0,67.828606,-3.1713943481445312
75.0,73.524284,-1.4757156372070312
66.0,66.24752,0.24752044677734375
76.0,74.69967,-1.3003311157226562
64.0,60.240635,-3.7593650817871094
65.0,59.967834,-5.03216552734375
75.0,73.22553,-1.7744674682617188
75.0,74.467026,-0.5329742431640625
64.0,64.52512,0.5251235961914062
57.0,57.41893,0.4189300537109375
65.0,65.068924,0.0689239501953125
61.0,57.867714,-3.1322860717773438
76.0,75.380226,-0.6197738647460938
62.0,61.84135,-0.15864944458007812
72.0,73.54541,1.54541015625
64.0,64.75204,0.7520370483398438
66.0,65.344284,-0.6557159423828125
62.0,62.370113,0.3701133728027344
54.0,63.480785,9.480785369873047
75.0,70.70123,-4.29876708984375
61.0,62.290787,1.2907867431640625
62.0,65.7131,3.7130966186523438
65.0,64.53338,-0.46662139892578125
67.0,68.65794,1.6579437255859375
59.0,60.133465,1.1334648132324219
64.0,62.161606,-1.8383941650390625
58.0,57.343178,-0.6568222045898438
60.0,59.35454,-0.6454582214355469
71.0,70.09985,-0.900146484375
65.0,66.816536,1.8165359497070312
58.0,58.35731,0.3573112487792969
69.0,70.080696,1.0806961059570312
65.0,67.17984,2.179840087890625
73.0,73.30281,0.3028106689453125
63.0,65.529526,2.5295257568359375
75.0,69.938866,-5.061134338378906
84.0,81.188896,-2.8111038208007812
67.0,62.989353,-4.010646820068359
67.0,66.46354,-0.5364608764648438
61.0,62.951195,1.9511947631835938
59.0,59.949978,0.9499778747558594
58.0,56.517723,-1.4822769165039062
63.0,61.574924,-1.4250755310058594
63.0,65.41145,2.4114532470703125
65.0,67.47141,2.4714126586914062
66.0,61.797504,-4.202495574951172
72.0,73.296,1.2959976196289062
66.0,69.254395,3.25439453125
59.0,59.73277,0.7327690124511719
60.0,60.55249,0.552490234375
62.0,64.349884,2.349884033203125
62.0,62.529945,0.5299453735351562
68.0,68.88041,0.8804092407226562
68.0,66.84153,-1.1584701538085938
68.0,68.70271,0.7027130126953125
62.0,66.353134,4.3531341552734375
66.0,67.62178,1.6217803955078125
66.0,62.402046,-3.5979537963867188
60.0,60.68999,0.6899909973144531
66.0,65.597565,-0.402435302734375
53.0,61.56427,8.56427001953125
66.0,65.081375,-0.9186248779296875
75.0,75.904526,0.9045257568359375
60.0,57.126995,-2.873004913330078
64.0,65.7529,1.752899169921875
52.0,55.343433,3.343433380126953
66.0,63.47746,-2.522541046142578
71.0,72.10916,1.109161376953125
68.0,67.33846,-0.6615371704101562
73.0,66.95314,-6.0468597412109375
65.0,65.56237,0.5623703002929688
60.0,58.777508,-1.2224922180175781
60.0,58.57931,-1.4206886291503906
65.0,60.276096,-4.723903656005859
62.0,64.852165,2.8521652221679688
54.0,61.068687,7.068687438964844
65.0,64.83758,-0.16242218017578125
74.0,74.36065,0.36064910888671875
66.0,63.812023,-2.187976837158203
72.0,72.77757,0.7775726318359375
67.0,63.50895,-3.4910507202148438
